{
  "format_version": "1.12",
  "minecraft:recipe_shaped": {
    "description": {
    "identifier": "vatonage:demonic_scythe"
    },

    "tags": [ "crafting_table" ],
    "pattern": [
      "CBC",
      "BAB",
      "CBC"
    ],
    "key": {
      "A": {
        "item": "minecraft:diamond_hoe"
      },
      "B": {
        "item": "vatonage:blood_bottle"
      },
      "C": {
        "item": "vatonage:blood_bucket"
      }
    },
    "result": {
      "item": "vatonage:demonic_scythe"
    }
  }
}
