{
  "format_version": "1.12",
  "minecraft:recipe_shaped": {
    "description": {
    "identifier": "vatonage:spawn_sacrificial_table"
    },

    "tags": [ "crafting_table" ],
    "pattern": [
      "C C",
      "BAB",
      "BBB"
    ],
    "key": {
      "A": {
        "item": "minecraft:cauldron"
      },
      "B": {
        "item": "minecraft:iron_ingot"
      },
      "C": {
        "item": "minecraft:redstone_block"
      }
    },
    "result": {
      "item": "vatonage:spawn_sacrificial_table"
    }
  }
}
