{
  "format_version": "1.12",
  "minecraft:recipe_shaped": {
    "description": {
    "identifier": "vatonage:glowstone_dust_chicken_spawn_egg"
    },

    
    "tags": [ "chicken_coop" ],
    "pattern": [
      "BBB",
      "A#A",
      "BBB"
    ],
    "key": {
      "#": {
        "item": "vatonage:gold_ingot_chicken_spawn_egg"
      },
      "A": {
        "item": "minecraft:feather"
      },
      "B": {
        "item": "minecraft:glowstone"
      }
    },
    "result": {
      "item": "vatonage:glowstone_dust_chicken_spawn_egg"
    }
  }
}
