{
  "format_version": "1.12",
  "minecraft:recipe_shaped": {
    "description": {
      "identifier": "soldier_gun_f399b506"
    },
    "tags": [
      "crafting_table"
    ],
    "pattern": [
      "  A",
      "BC ",
      "AD "
    ],
    "key": {
      "A": {
        "item": "minecraft:iron_ingot",
        "data": 0
      },
      "B": {
        "item": "minecraft:arrow",
        "data": 0
      },
      "C": {
        "item": "minecraft:gold_ingot",
        "data": 0
      },
      "D": {
        "item": "minecraft:bow",
        "data": 0
      }
    },
    "result": {
      "item": "zapocalypse:soldier_gun",
      "count": 1
    }
  }
}