{
  "format_version": "1.12",
  "minecraft:recipe_shaped": {
    "description": {
    "identifier": "vatonage:shield_arm"
    },

    
    "tags": [ "crafting_table" ],
    "pattern": [
      "CBC",
      "BAB",
      "CBC"
    ],
    "key": {
      "A": {
        "item": "vatonage:scrap_arm"
      },
      "B": {
      	"item": "minecraft:shield"
      },
      "C": {
      	"item": "minecraft:iron_block"
      }
    },
    "result": {
      "item": "vatonage:shield_arm"
    }
  }
}
