{
   "format_version":"1.16.100",
   "minecraft:item":{
      "description":{
         "category":"equipment",
         "identifier":"vatonage:demonic_scythe"
      },
      "components":{
         "minecraft:creative_category":{
            "parent":"itemGroup.name.sword"
         },
         "minecraft:max_stack_size":1,
         "minecraft:use_duration":2,
         "minecraft:hand_equipped":true,
         "minecraft:durability":{
            "max_durability":700
         },
         "minecraft:mining_speed":1.5,
         "minecraft:damage":10,
         "minecraft:enchantable":{
            "value":10,
            "slot":"sword"
         },
         "minecraft:icon":{
            "texture":"demonic_scythe"
         },
         "minecraft:display_name":{
            "value":"Demonic Scythe\n§5Reaping I"
         },
         "minecraft:weapon":{
            "on_hurt_entity":{
               "event":"effect"
            }
         },
         "minecraft:can_destroy_in_creative":false,
         "minecraft:digger":{
            "use_efficiency":true,
            "destroy_speeds":[
               {
                  "block":"minecraft:web",
                  "speed":15
               },
               {
                  "block":"minecraft:bamboo",
                  "speed":10
               }
            ]
         }
      },
      "events":{
         "effect":{
            "run_command":{
               "target":"self",
               "command":[
                  "effect @e[r=3,type=!player] wither 4 2"
               ]
            }
         }
      }
   }
}