{
  "format_version": "1.16.100",
  "minecraft:item": {
    "description": {

      "identifier": "vatonage:demonic_magnet"
    },
    "components": {
      "minecraft:max_stack_size": 1,
      "minecraft:foil": false,
      "minecraft:stacked_by_data": false,
      "minecraft:icon":{
         "texture":"demonic_magnet"
      },
      "minecraft:display_name":{
         "value":"Demonic Magnet\n10x Pull"
      },
      "minecraft:cooldown":{
         "category":"demonic_magnet",
         "duration":2.0
      },
         "minecraft:on_use":{
            "on_use":{
               "event":"used"
            }
         }
      },
      "events":{
         "used":{
            "swing":{
            },
            "run_command":{
               "command":[
                  "function demonic_magnet"
               ]
            }
         }
      }
   }
}