{
  "format_version": "1.16.100",
  "minecraft:block": {
    "description": {
      "identifier": "vatonage:chicken_coop"
    },
    "components": {
      "minecraft:destroy_time": 1,
      "minecraft:explosion_resistance": 1,

      "minecraft:block_light_emission": 0,
         "minecraft:material_instances": {
            "*": {
               "texture": "chicken_coop",
               "render_method": "alpha_test"
            }
         },
         "minecraft:geometry": "geometry.chicken_coop",
         "minecraft:block_light_absorption": 0,
        "minecraft:pick_collision": {
            "origin":  [-8.0, 0.0, -8.0],
            "size":   [16.0, 16.0, 16.0]
        },
         "minecraft:crafting_table":{
            "custom_description":"Chicken Coop",
            "grid_size":3,
            "crafting_tags":[
               "chicken_coop"
            ]
         }
    }
  }
}