{"id":"1601779354309","name":"reaper zombie drop","pools":[{"rolls":5,"entries":[{"type":"item","weight":1,"name":"minecraft:rotten_flesh","functions":[{"function":"set_count","count":{"min":1,"max":1}}]}]},{"rolls":1,"entries":[{"type":"item","weight":1,"name":"zapocalypse:reaper_z_schyte","functions":[{"function":"set_count","count":{"min":1,"max":1}}]}]},{"rolls":2,"entries":[{"type":"item","weight":1,"name":"minecraft:ender_eye","functions":[{"function":"set_count","count":{"min":1,"max":1}}]}]}]}