{
  "format_version": "1.12",
  "minecraft:recipe_shaped": {
    "description": {
    "identifier": "vatonage:death_charm"
    },

    
    "tags": [ "crafting_table" ],
    "pattern": [
      "CBC",
      "BAB",
      "CBC"
    ],
    "key": {
      "A": {
      	"item": "minecraft:skull",
      	"data": 4
      },
      "B": {
      	"item": "minecraft:skull",
      	"data": 1
      },
      "C": {
      	"item": "minecraft:skull",
      	"data": 5
      }
    },
    "result": {
      "item": "vatonage:death_charm"
    }
  }
}
