{
  "format_version": "1.12",
  "minecraft:recipe_shaped": {
    "description": {
    "identifier": "vatonage:mob_charm"
    },

    
    "tags": [ "crafting_table" ],
    "pattern": [
      "CBC",
      "BAB",
      "CBC"
    ],
    "key": {
      "A": {
        "item": "minecraft:ghast_tear"
      },
      "B": {
      	"item": "minecraft:gunpowder"
      },
      "C": {
      	"item": "minecraft:fermented_spider_eye"
      }
    },
    "result": {
      "item": "vatonage:mob_charm"
    }
  }
}
