{
   "format_version":"1.11.0",
   "minecraft:entity":{
      "description":{
         "identifier":"vatonage:sheep1",
         "is_spawnable":true,
         "is_summonable":true,
         "is_experimental":false
      },
      "component_groups":{
         "vatonage:level1":{
            "minecraft:boss":{
               "should_darken_sky":false,
               "name":"§7Sheep §7§lCommon",
               "hud_range":10
            },
            "minecraft:health":{
               "value":25,
               "max":25
            },
            "minecraft:scale":{
               "value":0.7
            },
            "minecraft:attack":{
               "damage":1
            },
            "minecraft:movement":{
               "value":0.19
            }
         },
         "vatonage:level2":{
            "minecraft:boss":{
               "should_darken_sky":false,
               "name":"§7Sheep §2§lUncommon",
               "hud_range":10
            },
            "minecraft:health":{
               "value":30,
               "max":30
            },
            "minecraft:scale":{
               "value":0.9
            },
            "minecraft:attack":{
               "damage":2
            },
            "minecraft:movement":{
               "value":0.21
            }
         },
         "vatonage:level3":{
            "minecraft:boss":{
               "should_darken_sky":false,
               "name":"§7Sheep §1§lRare",
               "hud_range":10
            },
            "minecraft:health":{
               "value":35,
               "max":35
            },
            "minecraft:scale":{
               "value":1.1
            },
            "minecraft:attack":{
               "damage":3
            },
            "minecraft:movement":{
               "value":0.22
            }
         },
         "vatonage:level4":{
            "minecraft:boss":{
               "should_darken_sky":false,
               "name":"§7Sheep §5§lEpic",
               "hud_range":10
            },
            "minecraft:health":{
               "value":40,
               "max":40
            },
            "minecraft:scale":{
               "value":1.3
            },
            "minecraft:attack":{
               "damage":4
            },
            "minecraft:movement":{
               "value":0.25
            }
         },
         "vatonage:level5":{
            "minecraft:boss":{
               "should_darken_sky":false,
               "name":"§7Sheep §6§lLegendary",
               "hud_range":10
            },
            "minecraft:health":{
               "value":45,
               "max":45
            },
            "minecraft:scale":{
               "value":1.5
            },
            "minecraft:attack":{
               "damage":5
            },
            "minecraft:movement":{
               "value":0.28
            }
         }
      },
      "components":{
         "minecraft:behavior.tempt":{
            "priority":3,
            "speed_multiplier":1.5,
            "items":[
               "vatonage:petlead"
            ]
         },
         "minecraft:behavior.nearest_attackable_target":{
            "priority":2,
            "reselect_targets":true,
            "must_see":true,
            "within_radius":16.0,
            "must_see_forget_duration":17.0,
            "persist_time":0.5,
            "entity_types":[
               {
                  "filters":{
                     "all_of":[
                        {
                           "any_of":[
                              {
                                 "test":"is_family",
                                 "subject":"other",
                                 "value":"monster"
                              }
                           ]
                        }
                     ]
                  },
                  "max_dist":32
               }
            ]
         },
         "minecraft:nameable":{
            
         },
         "minecraft:movement.basic":{
            
         },
         "minecraft:navigation.walk":{
            "is_amphibious":true,
            "can_pass_doors":true,
            "can_walk":true,
            "can_break_doors":false
         },
         "minecraft:jump.static":{
            
         },
         "minecraft:can_climb":{
            
         },
         "minecraft:behavior.melee_attack":{
            "priority":3,
            "speed_multiplier":1,
            "track_target":true
         },
         "minecraft:behavior.random_stroll":{
            "priority":6,
            "speed_multiplier":0.8
         },
         "minecraft:behavior.look_at_player":{
            "priority":7,
            "look_distance":6.0,
            "probability":0.02
         },
         "minecraft:behavior.random_look_around":{
            "priority":7
         },
         "minecraft:physics":{
            
         },
         "minecraft:collision_box":{
            "width":0.8,
            "height":0.7
         },
         "minecraft:scaffolding_climber":{
         }
      },
      "events":{
         "vatonage:level1":{
            "remove":{
               "component_groups":[
                  "vatonage:level2",
                  "vatonage:level3",
                  "vatonage:level4",
                  "vatonage:level5"
               ]
            },
            "add":{
               "component_groups":[
                  "vatonage:level1"
               ]
            }
         },
         "vatonage:level2":{
            "remove":{
               "component_groups":[
                  "vatonage:level1",
                  "vatonage:level3",
                  "vatonage:level4",
                  "vatonage:level5"
               ]
            },
            "add":{
               "component_groups":[
                  "vatonage:level2"
               ]
            }
         },
         "vatonage:level3":{
            "remove":{
               "component_groups":[
                  "vatonage:level1",
                  "vatonage:level2",
                  "vatonage:level4",
                  "vatonage:level5"
               ]
            },
            "add":{
               "component_groups":[
                  "vatonage:level3"
               ]
            }
         },
         "vatonage:level4":{
            "remove":{
               "component_groups":[
                  "vatonage:level1",
                  "vatonage:level2",
                  "vatonage:level3",
                  "vatonage:level5"
               ]
            },
            "add":{
               "component_groups":[
                  "vatonage:level4"
               ]
            }
         },
         "vatonage:level5":{
            "remove":{
               "component_groups":[
                  "vatonage:level1",
                  "vatonage:level2",
                  "vatonage:level3",
                  "vatonage:level4"
               ]
            },
            "add":{
               "component_groups":[
                  "vatonage:level5"
               ]
            }
         }
      }
   }
}