{
  "format_version": "1.15.0",
  "minecraft:biome": {
    "description": {
      "identifier": "infestedoverworld"
    },
    "components": {
      "minecraft:climate": {
        "downfall": 0.0,
        "snow_accumulation": [
          0.0,
          0.0
        ],
        "temperature": 2.0
      },
      "minecraft:overworld_height": {
        "noise_type": "taiga"
      },
      "animal": {},
      "monster": {},
      "overworld": {},
      "infestedoverworld": {},
      "minecraft:surface_parameters": {
        "top_material": "minecraft:grass",
        "mid_material": "minecraft:dirt",
        "foundation_material": "minecraft:stone",
        "sea_floor_material": "minecraft:gravel",
        "sea_material": "minecraft:water",
        "sea_floor_depth": 7
      },
      "minecraft:overworld_generation_rules": {
        "hills_transformation": "taiga_hills",
        "mutate_transformation": "taiga_mutated",
        "shore_transformation": "deep_ocean",
        "river_transformation": "deep_warm_ocean",
        "generate_for_climates": [
          [
            "cold",
            21
          ],
          [
            "warm",
            1
          ],
          [
            "lukewarm",
            1
          ],
          [
            "medium",
            3
          ],
          [
            "frozen",
            3
          ]
        ]
      }
    }
  }
}