{
  "format_version": "1.10.0",
  "animation_controllers": {
    "controller.animation.zapocalypse_egg": {
      "initial_state": "default",
      "states": {
        "default": {
          "transitions": [
            {
              "shoot": "query.mark_variant == 1 && query.get_equipped_item_name=='egg' && query.item_remaining_use_duration > 0"
            }
          ]
        },
        "shoot": {
          "transitions": [
            {
              "default": "query.mark_variant == 1 && query.get_equipped_item_name=='egg' && query.item_remaining_use_duration > 0"
            }
          ],
          "on_entry": [
            "@s zapocalypse:egg_fire",
            "/clear @s zapocalypse:egg 0 1",
            "/playsound zapocalypse_egg_shot"
          ]
        }
      }
    }
  }
}