{
  "format_version": "1.10.0",
  "animation_controllers": {
    "controller.animation.zapocalypse_soldier_gun": {
      "initial_state": "default",
      "states": {
        "default": {
          "transitions": [
            {
              "shoot": "query.mark_variant == 1 && query.get_equipped_item_name=='soldier_gun' && query.item_remaining_use_duration > 0"
            }
          ]
        },
        "shoot": {
          "transitions": [
            {
              "default": "query.mark_variant == 1 && query.get_equipped_item_name=='soldier_gun' && query.item_remaining_use_duration > 0"
            }
          ],
          "on_entry": [
            "@s zapocalypse:soldier_gun_fire",
            "/replaceitem entity @s slot.weapon.mainhand 0 zapocalypse:soldier_gun 1 1",
            "/playsound zapocalypse_soldier_gun_shot"
          ]
        }
      }
    }
  }
}