{
  "format_version": "1.16.0",
  "minecraft:entity": {
    "description": {
      "identifier": "vatonage:metal_giant",
      "is_spawnable": true,
      "is_summonable": true,
      "is_experimental": false
    },
    "components": {
      "minecraft:health": {
        "value": 100,
        "max": 100
      },
      "minecraft:behavior.melee_attack": {
        "priority": 3,
        "track_target": true
      },
      "minecraft:attack": {
        "damage": 15.00
      },
      "minecraft:movement": {
        "value": 0.40
      },
      "minecraft:follow_range": {
        "value": 32
      },
      "minecraft:navigation.walk": {
        "can_path_over_water": true
      },
      "minecraft:behavior.melee_attack": {
        "priority": 3,
        "track_target": true
      },
      "minecraft:experience_reward": {
        "on_death": "query.last_hit_by_player ? 100 : 0"
      },
      "minecraft:movement.basic": {
      },
      "minecraft:navigation.walk": {
        "can_path_over_water": true
      },
      "minecraft:jump.static": {
      },
      "minecraft:can_climb": {
      },
      "minecraft:behavior.random_stroll": {
        "priority": 6,
        "speed_multiplier": 0.8
      },
      "minecraft:behavior.look_at_player": {
        "priority": 7,
        "look_distance": 6.0,
        "probability": 0.02
      },
      "minecraft:behavior.random_look_around": {
        "priority": 7
      },
      "minecraft:behavior.hurt_by_target": {
        "priority": 1
      },
      "minecraft:behavior.nearest_attackable_target": {
        "priority": 2,
        "reselect_targets": true,
        "must_see": true,
        "within_radius": 12.0,
        "must_see_forget_duration": 17.0,
        "persist_time": 0.5,
        "entity_types": [
          {
            "filters": {
              "all_of": [
                {
                  "any_of": [
                    { "test": "is_family", "subject": "other", "value": "player" }
                  ]
                }
              ]
            },
            "max_dist": 20
          }
        ]
      },
      "minecraft:boss": {
        "should_darken_sky": false,
        "name": "Metal Giant",
        "hud_range": 30
      },
      "minecraft:physics": {
      },
      "minecraft:loot": {
        "table": "loot_tables/entities/metal_giant.json"
      },
      "minecraft:despawn": {
        "despawn_from_distance": {}
      },
      "minecraft:collision_box": {
        "width": 3.5,
        "height": 5.2
      }
    }
  }
}