{
  "format_version": "1.16.100",
  "minecraft:item": {
    "description": {
      "identifier": "vatonage:chicken_net"
    },
    "components": {
      "minecraft:max_stack_size": 1,
      "minecraft:foil": false,
      "minecraft:stacked_by_data": false,
      "minecraft:icon":{
         "texture":"chicken_net"
      },
      "minecraft:display_name":{
         "value":"Chicken Net"
      },
         "minecraft:on_use":{
            "on_use":{
               "event":"used"
            }
         }
      },
      "events":{
         "used":{
            "swing":{
               
            },
            "run_command":{
               "command":[
                  "function chicken_net"
               ]
            }
         }
      }
   }
}