{
    "pools": [
        {
            "rolls": 1,
            "conditions": [
                {
                    "condition": "random_chance_with_looting",
                    "chance": 0.1,
                    "looting_multiplier": 0.03
                }
            ],
            "entries": [
                {
                    "type": "item",
                    "weight": 1,
                    "name": "vatonage:scrap_arm"
                },
                {
                    "type": "item",
                    "weight": 1,
                    "name": "vatonage:scrap_leg"
                },
                {
                    "type": "item",
                    "weight": 1,
                    "name": "vatonage:scrap_torso"
                }
            ]
        },
        {
            "rolls": {
                "min": 5,
                "max": 7
            },
            "entries": [
                {
                    "type": "item",
                    "weight": 4,
                    "name": "minecraft:iron_ingot"
                },
                {
                    "type": "item",
                    "weight": 20,
                    "name": "minecraft:redstone"
                },
                {
                    "type": "item",
                    "weight": 1,
                    "name": "minecraft:gold_ingot"
                },
                {
                    "type": "item",
                    "weight": 10,
                    "name": "minecraft:iron_nugget"
                },
                {
                    "type": "item",
                    "weight": 10,
                    "name": "minecraft:gold_nugget"
                }
            ]
        }
    ]
}