{
  "format_version": "1.16.100",
  "minecraft:item": {
    "description": {

      "identifier": "vatonage:common_crate"
    },
    "components": {
      "minecraft:max_stack_size": 1,
      "minecraft:foil": false,
      "minecraft:stacked_by_data": false,
         "minecraft:hand_equipped":false,
      "minecraft:icon":{
         "texture":"common_crate"
      },
      "minecraft:display_name":{
         "value":"§7§lCommon§r Pet Crate"
      },
         "minecraft:on_use":{
            "on_use":{
               "event":"used"
            }
         }
      },
      "events":{
         "used":{
            "swing":{
            },
            "run_command":{
               "command":[
                  "function common_crate"
               ]
            }
         }
      }
   }
}