{
  "format_version": "1.16.100",
  "minecraft:item": {
    "description": {

      "identifier": "vatonage:cow2"
    },
    "components": {
      "minecraft:max_stack_size": 1,
      "minecraft:foil": false,
      "minecraft:stacked_by_data": false,
         "minecraft:hand_equipped":false,
	"minecraft:render_offsets": {
		"main_hand": {
			"third_person": {
				"position": [0.26, 1.0, -0.55],
				"scale": [0.05, 0.05, 0.05]
			},
			"first_person": {
				"position": [0.88, -0.2, -1.6],
				"scale": [0.03, 0.03, 0.03]
			}
		}
	},
      "minecraft:icon":{
         "texture":"cow1"
      },
      "minecraft:cooldown":{
         "category":"cow1",
         "duration":30.0
      },
      "minecraft:display_name":{
         "value":"§7Cow §2§lUncommon"
      },
         "minecraft:on_use":{
            "on_use":{
               "event":"used"
            }
         }
      },
      "events":{
         "used":{
            "swing":{
            },
            "run_command":{
               "command":[
                  "function cow2"
               ]
            }
         }
      }
   }
}