{
  "format_version": "1.16.100",
  "minecraft:item": {
    "description": {

      "identifier": "vatonage:petlead"
    },
    "components": {
      "minecraft:max_stack_size": 1,
      "minecraft:foil": false,
      "minecraft:stacked_by_data": false,
         "minecraft:hand_equipped":false,
      "minecraft:icon":{
         "texture":"petlead"
      },
      "minecraft:cooldown":{
         "category":"pig1",
         "duration":30.0
      },
      "minecraft:display_name":{
         "value":"Pet Lead"
      }
      }
   }
}