{
  "entity_sounds": {
    "entities": {
      "zapocalypse:zombie": {
        "volume": 1.0,
        "pitch": [
          0.8,
          1.2
        ],
        "events": {
          "ambient": "mob.zapocalypse_zombie.say",
          "hurt": "mob.zapocalypse_zombie.hurt",
          "death": "mob.zapocalypse_zombie.death",
          "step": "mob.zapocalypse_withered_zombie.step"
        }
      },
      "zapocalypse:jackoz": {
        "volume": 1.0,
        "pitch": [
          0.8,
          1.2
        ],
        "events": {
          "ambient": "mob.zapocalypse_jackoz.ambient",
          "hurt": "mob.zapocalypse_jackoz.hurt",
          "death": "mob.zapocalypse_jackoz.death",
          "step": {
            "sound": "mob.husk.step",
            "volume": 0.15,
            "pitch": 1.0
          }
        }
      },
      "zapocalypse:king_zombie": {
        "volume": 1.0,
        "pitch": [
          0.8,
          1.2
        ],
        "events": {
          "ambient": "mob.zapocalypse_boss_zombie.say",
          "hurt": "mob.zapocalypse_boss_zombie.hurt",
          "death": "mob.zapocalypse_boss_zombie.death",
          "step": "mob.zapocalypse_withered_zombie.step"
        }
      },
      "zapocalypse:ender_zombie": {
        "volume": 1.0,
        "pitch": [
          0.8,
          1.2
        ],
        "events": {
          "ambient": "mob.zapocalypse_ender_zombie.say",
          "hurt": "mob.zapocalypse_ender_zombie.hurt",
          "death": "mob.zapocalypse_ender_zombie.death",
          "step": {
            "sound": "mob.zombie.step",
            "volume": 0.15,
            "pitch": 1.0
          }
        }
      },
      "zapocalypse:skeleton_zombie": {
        "volume": 1.0,
        "pitch": [
          0.8,
          1.2
        ],
        "events": {
          "ambient": "mob.zapocalypse_skeleton_zombie.say",
          "hurt": "mob.zapocalypse_skeleton_zombie.hurt",
          "death": "mob.zapocalypse_skeleton_zombie.death",
          "step": "mob.zapocalypse_skeleton_zombie.step"
        }
      },
      "zapocalypse:corrupted_zombie": {
        "volume": 1.0,
        "pitch": [
          0.8,
          1.2
        ],
        "events": {
          "ambient": "mob.zapocalypse_phantom_zombie.say",
          "hurt": "mob.zapocalypse_phantom_zombie.hurt",
          "death": "mob.zapocalypse_phantom_zombie.death",
          "step": "mob.zapocalypse_phantom_zombie.step"
        }
      },
      "zapocalypse:withered_zombie": {
        "volume": 1.0,
        "pitch": [
          0.8,
          1.2
        ],
        "events": {
          "ambient": "mob.zapocalypse_withered_zombie.say",
          "hurt": "mob.zapocalypse_withered_zombie.hurt",
          "death": "mob.zapocalypse_withered_zombie.death",
          "step": "mob.zapocalypse_withered_zombie.step"
        }
      },
      "zapocalypse:zombified_wtrader": {
        "volume": 1.0,
        "pitch": [
          0.8,
          1.2
        ],
        "events": {
          "ambient": "mob.zapocalypse_zombified_wtrader.say",
          "hurt": "mob.zapocalypse_zombified_wtrader.hurt",
          "death": "mob.zapocalypse_zombified_wtrader.death",
          "step": "mob.zapocalypse_zombified_wtrader.step"
        }
      },
      "zapocalypse:zombie_golem": {
        "volume": 1.0,
        "pitch": [
          0.8,
          1.2
        ],
        "events": {
          "ambient": "mob.zapocalypse_zombie_golem.ambient",
          "hurt": "mob.husk.hurt",
          "death": "mob.husk.death",
          "step": {
            "sound": "mob.husk.step",
            "volume": 0.15,
            "pitch": 1.0
          }
        }
      },
      "zapocalypse:triplehead_zombie": {
        "volume": 1.0,
        "pitch": [
          0.8,
          1.2
        ],
        "events": {
          "ambient": "mob.husk.ambient",
          "hurt": "mob.husk.hurt",
          "death": "mob.husk.death",
          "step": {
            "sound": "mob.husk.step",
            "volume": 0.15,
            "pitch": 1.0
          }
        }
      },
      "zapocalypse:ghostwing_zombie": {
        "volume": 1.0,
        "pitch": [
          0.8,
          1.2
        ],
        "events": {
          "ambient": "mob.zapocalypse_ghostwing_zombie.ambient",
          "death": "mob.zapocalypse_ghostwing_zombie.death",
          "hurt": "mob.zapocalypse_ghostwing_zombie.hurt",
          "charge": "mob.vex.charge"
        }
      },
      "zapocalypse:zillager": {
        "volume": 1.0,
        "pitch": [
          0.8,
          1.2
        ],
        "events": {
          "ambient": "mob.zapocalypse_zillager.idle",
          "hurt": "mob.zapocalypse_zillager.hurt",
          "death": "mob.zapocalypse_zillager.death",
          "ambient.in.raid": {
            "sound": "mob.pillager.idle",
            "volume": 3.0,
            "pitch": [
              0.8,
              1.2
            ]
          },
          "celebrate": "mob.pillager.celebrate"
        }
      },
      "zapocalypse:hauntedz": {
        "volume": 1.0,
        "pitch": [
          0.8,
          1.2
        ],
        "events": {
          "ambient": "mob.zapocalypse_haunted_zombie.idle",
          "death": "mob.zapocalypse_haunted_zombie.death",
          "death.to.zombie": "mob.zapocalypse_haunted_zombie.death",
          "haggle": "mob.villager.haggle",
          "haggle.no": "mob.villager.no",
          "haggle.yes": "mob.villager.yes",
          "hurt": "mob.zapocalypse_haunted_zombie.hit"
        }
      },
      "zapocalypse:reaper_zombie": {
        "volume": 1.0,
        "pitch": [
          0.8,
          1.2
        ],
        "events": {
          "ambient": "mob.pa_villager_with_player_model.idle",
          "death": "mob.pa_villager_with_player_model.death",
          "death.to.zombie": "mob.pa_villager_with_player_model.death",
          "haggle": "mob.villager.haggle",
          "haggle.no": "mob.villager.no",
          "haggle.yes": "mob.villager.yes",
          "hurt": "mob.pa_villager_with_player_model.hit"
        }
      },
      "zapocalypse:creepypasta_zombie": {
        "volume": 1.0,
        "pitch": [
          0.8,
          1.2
        ],
        "events": {
          "ambient": "mob.zapocalypse_creepypasta_zombie.idle",
          "death": "mob.zapocalypse_creepypasta_zombie.death",
          "death.to.zombie": "mob.zapocalypse_creepypasta_zombie.death",
          "haggle": "mob.villager.haggle",
          "haggle.no": "mob.villager.no",
          "haggle.yes": "mob.villager.yes",
          "hurt": "mob.zapocalypse_creepypasta_zombie.hit"
        }
      }
    }
  }
}