{
  "tiers": [
    {
      "trades": [
        {
          "wants": [
            {
              "item": "minecraft:rotten_flesh",
              "quantity": 64
            }
          ],
          "gives": [
            {
              "item": "minecraft:emerald",
              "quantity": 2
            }
          ]
        },
        {
          "wants": [
            {
              "item": "minecraft:emerald",
              "quantity": 32
            }
          ],
          "gives": [
            {
              "item": "minecraft:gold_ingot",
              "quantity": 1
            }
          ]
        },
        {
          "wants": [
            {
              "item": "minecraft:emerald",
              "quantity": 47
            }
          ],
          "gives": [
            {
              "item": "minecraft:diamond",
              "quantity": 1
            }
          ]
        },
        {
          "wants": [
            {
              "item": "minecraft:emerald",
              "quantity": 32
            }
          ],
          "gives": [
            {
              "item": "minecraft:experience_bottle",
              "quantity": 1
            }
          ]
        },
        {
          "wants": [
            {
              "item": "minecraft:emerald",
              "quantity": 26
            }
          ],
          "gives": [
            {
              "item": "minecraft:blaze_rod",
              "quantity": 1
            }
          ]
        },
        {
          "wants": [
            {
              "item": "minecraft:gold_block",
              "quantity": 8
            }
          ],
          "gives": [
            {
              "item": "minecraft:appleenchanted",
              "quantity": 1
            }
          ]
        },
        {
          "wants": [
            {
              "item": "minecraft:diamond_block",
              "quantity": 5
            }
          ],
          "gives": [
            {
              "item": "minecraft:netherite_scrap",
              "quantity": 1
            }
          ]
        }
      ]
    }
  ]
}