{
  "format_version": "1.8.0",
  "minecraft:spawn_rules": {
    "description": {
      "identifier": "vatonage:android",
      "population_control": "monster"
    },
    "conditions": [
      {
        "minecraft:spawns_on_surface": {},
        "minecraft:brightness_filter": {
          "min": 0,
          "max": 7,
          "adjust_for_weather": false
        },
        "minecraft:weight": {
          "default": 40
        },
        "minecraft:herd": {
          "min_size":1,
          "max_size":2
        }
      }
    ]
  }
}