{
    "format_version": "1.16.100",
    "minecraft:item": {
        "description": {
            "category": "equipment",
            "identifier": "vatonage:speed_ring"
        },
        "components": {
            "minecraft:max_stack_size": 64,
            "minecraft:icon": {
                "texture": "speed_ring"
            },
            "minecraft:display_name": {
                "value": "Speed Ring"
            },
         "minecraft:on_use":{
            "on_use":{
               "event":"used"
            }
         }
      },
      "events":{
         "used":{
            "swing":{
            },
            "run_command":{
               "command":[
                  "function speed_ring"
               ]
            }
         }
      }
   }
}