{
  "format_version": "1.12",
  "minecraft:recipe_shaped": {
    "description": {
    "identifier": "vatonage:common_crate"
    },

    
    "tags": [ "crafting_table" ],
    "pattern": [
      "ABA",
      "BCB",
      "ABA"
    ],
    "key": {
      "A": {
        "item": "minecraft:planks"
      },
      "B": {
        "item": "minecraft:cobblestone"
      },
      "C": {
        "item": "minecraft:iron_ingot"
      }
    },
    "result": {
      "item": "vatonage:common_crate"
    }
  }
}
