{"format_version":"1.8.0","minecraft:entity":{"description":{"identifier":"zapocalypse:ghostwing_zombie","is_spawnable":true,"is_summonable":true,"is_experimental":false},"components":{"minecraft:nameable":{"alwaysShow":false,"allowNameTagRenaming":false},"minecraft:type_family":{"family":["vex","monster"]},"minecraft:equipment":{"table":"loot_tables/entities/vex_gear.json"},"minecraft:health":{"value":20,"max":20},"minecraft:attack":{"damage":8,"effect_name":"weakness","effect_duration":30},"minecraft:collision_box":{"width":0.4,"height":0.8},"minecraft:movement":{"value":1.0},"minecraft:navigation.walk":{"can_path_over_water":true},"minecraft:movement.basic":{},"minecraft:jump.static":{},"minecraft:can_climb":{},"minecraft:fire_immune":true,"minecraft:behavior.float":{"priority":0},"minecraft:behavior.float_wander":{"xz_dist":10,"y_dist":7,"y_offset":-2.0,"random_reselect":true,"float_duration":[0.35,0.7]},"minecraft:can_fly":{},"minecraft:behavior.charge_attack":{"priority":4},"minecraft:behavior.nearest_attackable_target":{"priority":1,"within_radius":25,"must_reach":false,"entity_types":[{"filters":{"other_with_families":["illager","irongolem","player","snowgolem","villager","wandering_trader","wandering_trader_despawning"]},"max_dist":35,"must_see":false,"walk_speed_multiplier":1.0,"sprint_speed_multiplier":1.0,"within_default":1}],"must_see":false,"speed_multiplier":1.0},"minecraft:behavior.look_at_player":{"priority":9,"look_distance":6.0,"probability":0.02},"minecraft:behavior.look_at_entity":{"priority":9,"look_distance":6.0,"probability":0.02,"filters":{"test":"is_family","subject":"other","value":"mob"}},"minecraft:behavior.hurt_by_target":{"priority":1},"minecraft:physics":{"has_gravity":false,"has_collision":false},"minecraft:experience_reward":{"on_death":"query.last_hit_by_player ? 10 : 0"},"minecraft:scale":{"value":5.5,"max":1},"minecraft:teleport":{"randomTeleports":true,"maxRandomTeleportTime":30,"randomTeleportCube":[32,32,32],"targetDistance":16,"lightTeleportChance":0.01},"minecraft:burns_in_daylight":{},"minecraft:behavior.melee_attack":{"priority":2,"speed_multiplier":1.0,"target_dist":0.0,"max_dist":3,"random_stop_interval":100,"track_target":true,"reach_multiplier":1.4},"minecraft:behavior.flee_sun":{"priority":2,"speed_multiplier":2},"minecraft:behavior.restrict_sun":{"priority":1},"minecraft:loot":{"table":"loot_tables/entities/zapocalypse:ghostwing_zombie.json"}},"events":null,"component_groups":null}}