{
  "format_version": "1.13.0",
  "minecraft:entity": {
    "description": {
      "identifier": "zapocalypse:trueking",
      "is_spawnable": true,
      "is_summonable": true,
      "is_experimental": false
    },

    "components": {
      "minecraft:nameable": {
      },
      "minecraft:breathable": {
        "total_supply": 15,
        "suffocate_time": 0,
        "breathes_water": true
      },
      "minecraft:health": {
        "value": 550,
        "max": 550,
      },
      "minecraft:collision_box": {
        "width": 0.5,
        "height": 1.8
      },
      "minecraft:teleport": {
        "random_teleports": false,
        "max_random_teleport_time": 30,
        "random_teleport_cube": [ 16, 16, 16 ],
        "target_distance": 8,
        "target_teleport_chance": 0,
        "light_teleport_chance": 0
      },
      "minecraft:loot": {
        "table": "loot_tables/entities/silverfish.json"
      },
      "minecraft:movement": {
        "value": 0.01
      },
      "minecraft:navigation.walk": {
        "is_amphibious": true,
        "avoid_sun": true,
        "avoid_water": true
      },
      "minecraft:movement.basic": {
      },
      "minecraft:jump.static": {
      },
      "minecraft:can_climb": {
      },
      "minecraft:behavior.summon_entity": {
        "priority": 2,

        "summon_choices": [
          {
            "min_activation_range": 0.0,
            "max_activation_range": 10.0,
            "cooldown_time": 10.0,
            "weight": 2,
            "cast_duration": 0.1,
            "particle_color": "#FF664D59",
            "start_sound_event": "cast.spell",
            "sequence": [
              {
                "shape": "circle",
                "target": "self",
                "base_delay": 0.1,
                "delay_per_summon": 0.0,
                "num_entities_spawned": 5,
                "entity_type": "zapocalypse:zombie",
                "size": 1,
                "entity_lifespan": -1.0,
                "sound_event": "prepare.attack"
              }
            ]
          }
        ]
      },
      "minecraft:fire_immune": true,
      "minecraft:behavior.hurt_by_target": {
        "priority": 0
      },
      "minecraft:behavior.random_stroll": {
        "priority": 1,
        "speed_multiplier": 1.65
      },
      "minecraft:behavior.nearest_attackable_target": {
        "priority": 3,
        "entity_types": [
          {
            "filters": {  
                "any_of": [
                  { "test" :  "is_family", "subject" : "other", "value" :  "player" : "villager" : "wandering_trader"}
                ] 
            },
            "max_dist": 32
          }
        ],
        "must_see": true
      },
      "minecraft:behavior.look_at_player": {
        "priority": 5,
        "look_distance": 5,
        "probability": 10.0
      },
      "minecraft:behavior.random_look_around": {
        "priority": 9
      },
      "minecraft:type_family": {
        "family": [ "zombie", "undead" ]
      },
      "minecraft:physics": {
      },
      "minecraft:pushable": {
        "is_pushable": false,
        "is_pushable_by_piston": false
      }
    },

    "events": {
      "minecraft:entity_spawned": {

      }
    }
  }
}
