{"format_version":"1.8.0","minecraft:entity":{"description":{"identifier":"zapocalypse:zombie_trader","is_spawnable":true,"is_summonable":true,"is_experimental":false},"component_groups":{"managed":{"minecraft:managed_wandering_trader":{}},"despawning":{"minecraft:type_family":{"family":["wandering_trader","wandering_trader_despawning"]}},"minecraft:scared":{"minecraft:angry":{"duration":5,"calm_event":{"event":"minecraft:become_calm","target":"self"}}}},"components":{"minecraft:type_family":{"family":["undead","zombie"]},"minecraft:is_hidden_when_invisible":{},"minecraft:timer":{"looping":false,"random_time_choices":[{"weight":50,"value":2400},{"weight":50,"value":3600}],"time_down_event":{"event":"minecraft:start_despawn","target":"self"}},"minecraft:economy_trade_table":{"display_name":"entity.wandering_trader.name","table":"trading/economy_trades/wandering_trader_trades.json","new_screen":true},"minecraft:breathable":{"totalSupply":15,"suffocateTime":0},"minecraft:health":{"value":25,"max":25},"minecraft:collision_box":{"width":0.6,"height":1.8},"minecraft:movement":{"value":0.5},"minecraft:navigation.walk":{"can_path_over_water":true,"can_pass_doors":true,"can_open_doors":true,"avoid_water":true},"minecraft:movement.basic":{},"minecraft:jump.static":{},"minecraft:can_climb":{},"minecraft:behavior.float":{"priority":0},"minecraft:despawn":{"remove_child_entities":true,"filters":{"all_of":[{"any_of":[{"test":"is_family","subject":"self","value":"wandering_trader_despawning"},{"test":"has_trade_supply","subject":"self","value":false}]},{"test":"distance_to_nearest_player","operator":">","value":24}]}},"minecraft:damage_sensor":[{"cause":"entity_attack","deals_damage":true,"on_damage":{"filters":{"test":"is_family","subject":"other","operator":"!=","value":"player"},"event":"minecraft:become_scared"}},{"cause":"projectile","deals_damage":true,"on_damage":{"filters":{"test":"is_family","subject":"other","operator":"!=","value":"player"},"event":"minecraft:become_scared"}},{"cause":"magic","deals_damage":true,"on_damage":{"filters":{"test":"is_family","subject":"other","operator":"!=","value":"player"},"event":"minecraft:become_scared"}}],"minecraft:behavior.trade_interest":{"priority":3,"within_radius":6.0,"interest_time":45.0,"remove_item_time":1.0,"carried_item_switch_time":2.0,"cooldown":2.0},"minecraft:behavior.look_at_trading_player":{"priority":4},"minecraft:behavior.drink_potion":{"priority":1,"speed_modifier":-0.2,"potions":[{"id":7,"chance":1.0,"filters":{"all_of":[{"any_of":[{"test":"hourly_clock_time","operator":">=","value":18000},{"test":"hourly_clock_time","operator":"<","value":12000}]},{"test":"is_visible","subject":"self","value":true},{"any_of":[{"test":"is_avoiding_mobs","subject":"self","value":true},{"test":"has_component","subject":"self","value":"minecraft:angry"}]}]}},{"id":8,"chance":1.0,"filters":{"all_of":[{"test":"hourly_clock_time","operator":">=","value":12000},{"test":"hourly_clock_time","operator":"<","value":18000},{"test":"is_visible","subject":"self","value":true},{"any_of":[{"test":"is_avoiding_mobs","subject":"self","value":true},{"test":"has_component","subject":"self","value":"minecraft:angry"}]}]}}]},"minecraft:behavior.avoid_mob_type":{"priority":2,"entity_types":[{"filters":{"any_of":[{"test":"is_family","subject":"other","value":"zombie"},{"test":"is_family","subject":"other","value":"zombie_villager"},{"test":"is_family","subject":"other","value":"zombie_pigman"},{"test":"is_family","subject":"other","value":"illager"},{"test":"is_family","subject":"other","value":"vex"}],"other_with_families":[]},"walk_speed_multiplier":0.6,"sprint_speed_multiplier":0.6}],"max_dist":6},"minecraft:behavior.restrict_open_door":{"priority":5},"minecraft:behavior.open_door":{"priority":6,"close_door_after":true},"minecraft:behavior.move_towards_restriction":{"priority":7,"speed_multiplier":0.6},"minecraft:behavior.look_at_player":{"priority":8,"look_distance":8,"probability":0.02},"minecraft:behavior.random_look_around":{"priority":9},"minecraft:physics":{},"minecraft:experience_reward":{"on_death":"query.last_hit_by_player ? 10 : 0"},"minecraft:scale":{"value":1,"max":1},"minecraft:attack":{"damage":3,"effect_name":"slowness","effect_duration":30},"minecraft:behavior.melee_attack":{"priority":2,"speed_multiplier":1.0,"target_dist":0.0,"max_dist":3,"random_stop_interval":100,"track_target":true,"reach_multiplier":1.4},"minecraft:behavior.nearest_attackable_target":{"priority":1,"within_radius":25,"must_reach":false,"entity_types":[{"filters":{"other_with_families":["irongolem","player","snowgolem","villager","wandering_trader","wandering_trader_despawning"]},"max_dist":35,"must_see":false,"walk_speed_multiplier":1.0,"sprint_speed_multiplier":1.0,"within_default":1}],"must_see":false,"speed_multiplier":1.0},"minecraft:equip_item":{},"minecraft:loot":{"table":"loot_tables/entities/zapocalypse:zombie_trader.json"}},"events":{"minecraft:scheduled":{"add":{"component_groups":["managed"]}},"minecraft:start_despawn":{"add":{"component_groups":["despawning"]}},"minecraft:become_scared":{"add":{"component_groups":["minecraft:scared"]}},"minecraft:become_calm":{"remove":{"component_groups":["minecraft:scared"]}}}}}